<?xml version="1.0" encoding="utf-8"?>
<annotation>
<folder>images</folder>
<filename>4c56c7b9-cd_34</filename>
<source>
<database>MyDatabase</database>
<annotation>COCO2017</annotation>
<image>flickr</image>
<flickrid>NULL</flickrid>
<annotator>1</annotator>
</source>
<owner>
<flickrid>NULL</flickrid>
<name>Label Studio</name>
</owner>
<size>
<width>300</width>
<height>225</height>
<depth>3</depth>
</size>
<segmented>0</segmented>
<object>
<name>Moon</name>
<pose>Unspecified</pose>
<truncated>0</truncated>
<difficult>0</difficult>
<bndbox>
<xmin>126</xmin>
<ymin>114</ymin>
<xmax>151</xmax>
<ymax>147</ymax>
</bndbox>
</object>
<object>
<name>Moon</name>
<pose>Unspecified</pose>
<truncated>0</truncated>
<difficult>0</difficult>
<bndbox>
<xmin>155</xmin>
<ymin>161</ymin>
<xmax>187</xmax>
<ymax>185</ymax>
</bndbox>
</object>
<object>
<name>Moon</name>
<pose>Unspecified</pose>
<truncated>0</truncated>
<difficult>0</difficult>
<bndbox>
<xmin>194</xmin>
<ymin>134</ymin>
<xmax>226</xmax>
<ymax>165</ymax>
</bndbox>
</object>
<object>
<name>Insect</name>
<pose>Unspecified</pose>
<truncated>0</truncated>
<difficult>0</difficult>
<bndbox>
<xmin>81</xmin>
<ymin>177</ymin>
<xmax>116</xmax>
<ymax>211</ymax>
</bndbox>
</object>
<object>
<name>Insect</name>
<pose>Unspecified</pose>
<truncated>0</truncated>
<difficult>0</difficult>
<bndbox>
<xmin>180</xmin>
<ymin>42</ymin>
<xmax>225</xmax>
<ymax>69</ymax>
</bndbox>
</object>
<object>
<name>Grey_star</name>
<pose>Unspecified</pose>
<truncated>0</truncated>
<difficult>0</difficult>
<bndbox>
<xmin>106</xmin>
<ymin>150</ymin>
<xmax>130</xmax>
<ymax>176</ymax>
</bndbox>
</object>
<object>
<name>Grey_star</name>
<pose>Unspecified</pose>
<truncated>0</truncated>
<difficult>0</difficult>
<bndbox>
<xmin>92</xmin>
<ymin>82</ymin>
<xmax>119</xmax>
<ymax>109</ymax>
</bndbox>
</object>
<object>
<name>Grey_star</name>
<pose>Unspecified</pose>
<truncated>0</truncated>
<difficult>0</difficult>
<bndbox>
<xmin>112</xmin>
<ymin>37</ymin>
<xmax>138</xmax>
<ymax>65</ymax>
</bndbox>
</object>
<object>
<name>Grey_star</name>
<pose>Unspecified</pose>
<truncated>0</truncated>
<difficult>0</difficult>
<bndbox>
<xmin>237</xmin>
<ymin>86</ymin>
<xmax>267</xmax>
<ymax>114</ymax>
</bndbox>
</object>
<object>
<name>Unicorn_head</name>
<pose>Unspecified</pose>
<truncated>0</truncated>
<difficult>0</difficult>
<bndbox>
<xmin>199</xmin>
<ymin>80</ymin>
<xmax>231</xmax>
<ymax>121</ymax>
</bndbox>
</object>
<object>
<name>Unicorn_head</name>
<pose>Unspecified</pose>
<truncated>0</truncated>
<difficult>0</difficult>
<bndbox>
<xmin>37</xmin>
<ymin>146</ymin>
<xmax>85</xmax>
<ymax>172</ymax>
</bndbox>
</object>
<object>
<name>Unicorn_whole</name>
<pose>Unspecified</pose>
<truncated>0</truncated>
<difficult>0</difficult>
<bndbox>
<xmin>63</xmin>
<ymin>6</ymin>
<xmax>113</xmax>
<ymax>42</ymax>
</bndbox>
</object>
<object>
<name>Unicorn_whole</name>
<pose>Unspecified</pose>
<truncated>0</truncated>
<difficult>0</difficult>
<bndbox>
<xmin>141</xmin>
<ymin>25</ymin>
<xmax>176</xmax>
<ymax>78</ymax>
</bndbox>
</object>
<object>
<name>Cat</name>
<pose>Unspecified</pose>
<truncated>0</truncated>
<difficult>0</difficult>
<bndbox>
<xmin>155</xmin>
<ymin>83</ymin>
<xmax>187</xmax>
<ymax>115</ymax>
</bndbox>
</object>
<object>
<name>Black_star</name>
<pose>Unspecified</pose>
<truncated>0</truncated>
<difficult>0</difficult>
<bndbox>
<xmin>80</xmin>
<ymin>109</ymin>
<xmax>106</xmax>
<ymax>136</ymax>
</bndbox>
</object>
<object>
<name>Owl</name>
<pose>Unspecified</pose>
<truncated>0</truncated>
<difficult>0</difficult>
<bndbox>
<xmin>31</xmin>
<ymin>53</ymin>
<xmax>71</xmax>
<ymax>80</ymax>
</bndbox>
</object>
<object>
<name>Owl</name>
<pose>Unspecified</pose>
<truncated>0</truncated>
<difficult>0</difficult>
<bndbox>
<xmin>23</xmin>
<ymin>108</ymin>
<xmax>61</xmax>
<ymax>134</ymax>
</bndbox>
</object>
</annotation>
