<?xml version="1.0" encoding="utf-8"?>
<annotation>
<folder>images</folder>
<filename>9c19c3d9-cd_07</filename>
<source>
<database>MyDatabase</database>
<annotation>COCO2017</annotation>
<image>flickr</image>
<flickrid>NULL</flickrid>
<annotator>1</annotator>
</source>
<owner>
<flickrid>NULL</flickrid>
<name>Label Studio</name>
</owner>
<size>
<width>300</width>
<height>225</height>
<depth>3</depth>
</size>
<segmented>0</segmented>
<object>
<name>Moon</name>
<pose>Unspecified</pose>
<truncated>0</truncated>
<difficult>0</difficult>
<bndbox>
<xmin>126</xmin>
<ymin>14</ymin>
<xmax>170</xmax>
<ymax>41</ymax>
</bndbox>
</object>
<object>
<name>Moon</name>
<pose>Unspecified</pose>
<truncated>0</truncated>
<difficult>0</difficult>
<bndbox>
<xmin>62</xmin>
<ymin>80</ymin>
<xmax>99</xmax>
<ymax>111</ymax>
</bndbox>
</object>
<object>
<name>Insect</name>
<pose>Unspecified</pose>
<truncated>0</truncated>
<difficult>0</difficult>
<bndbox>
<xmin>71</xmin>
<ymin>27</ymin>
<xmax>107</xmax>
<ymax>75</ymax>
</bndbox>
</object>
<object>
<name>Insect</name>
<pose>Unspecified</pose>
<truncated>0</truncated>
<difficult>0</difficult>
<bndbox>
<xmin>58</xmin>
<ymin>115</ymin>
<xmax>100</xmax>
<ymax>152</ymax>
</bndbox>
</object>
<object>
<name>Black_star</name>
<pose>Unspecified</pose>
<truncated>0</truncated>
<difficult>0</difficult>
<bndbox>
<xmin>60</xmin>
<ymin>159</ymin>
<xmax>93</xmax>
<ymax>184</ymax>
</bndbox>
</object>
<object>
<name>Black_star</name>
<pose>Unspecified</pose>
<truncated>0</truncated>
<difficult>0</difficult>
<bndbox>
<xmin>155</xmin>
<ymin>77</ymin>
<xmax>182</xmax>
<ymax>109</ymax>
</bndbox>
</object>
<object>
<name>Grey_star</name>
<pose>Unspecified</pose>
<truncated>0</truncated>
<difficult>0</difficult>
<bndbox>
<xmin>103</xmin>
<ymin>85</ymin>
<xmax>130</xmax>
<ymax>116</ymax>
</bndbox>
</object>
<object>
<name>Grey_star</name>
<pose>Unspecified</pose>
<truncated>0</truncated>
<difficult>0</difficult>
<bndbox>
<xmin>139</xmin>
<ymin>154</ymin>
<xmax>165</xmax>
<ymax>189</ymax>
</bndbox>
</object>
<object>
<name>Grey_star</name>
<pose>Unspecified</pose>
<truncated>0</truncated>
<difficult>0</difficult>
<bndbox>
<xmin>186</xmin>
<ymin>91</ymin>
<xmax>218</xmax>
<ymax>120</ymax>
</bndbox>
</object>
<object>
<name>Grey_star</name>
<pose>Unspecified</pose>
<truncated>0</truncated>
<difficult>0</difficult>
<bndbox>
<xmin>21</xmin>
<ymin>52</ymin>
<xmax>53</xmax>
<ymax>85</ymax>
</bndbox>
</object>
<object>
<name>Unicorn_whole</name>
<pose>Unspecified</pose>
<truncated>0</truncated>
<difficult>0</difficult>
<bndbox>
<xmin>23</xmin>
<ymin>114</ymin>
<xmax>57</xmax>
<ymax>167</ymax>
</bndbox>
</object>
<object>
<name>Unicorn_whole</name>
<pose>Unspecified</pose>
<truncated>0</truncated>
<difficult>0</difficult>
<bndbox>
<xmin>183</xmin>
<ymin>6</ymin>
<xmax>221</xmax>
<ymax>67</ymax>
</bndbox>
</object>
<object>
<name>Unicorn_head</name>
<pose>Unspecified</pose>
<truncated>0</truncated>
<difficult>0</difficult>
<bndbox>
<xmin>222</xmin>
<ymin>53</ymin>
<xmax>259</xmax>
<ymax>98</ymax>
</bndbox>
</object>
<object>
<name>Unicorn_whole</name>
<pose>Unspecified</pose>
<truncated>0</truncated>
<difficult>0</difficult>
<bndbox>
<xmin>149</xmin>
<ymin>131</ymin>
<xmax>192</xmax>
<ymax>163</ymax>
</bndbox>
</object>
<object>
<name>Black_star</name>
<pose>Unspecified</pose>
<truncated>0</truncated>
<difficult>0</difficult>
<bndbox>
<xmin>117</xmin>
<ymin>121</ymin>
<xmax>144</xmax>
<ymax>152</ymax>
</bndbox>
</object>
<object>
<name>Cat</name>
<pose>Unspecified</pose>
<truncated>0</truncated>
<difficult>0</difficult>
<bndbox>
<xmin>210</xmin>
<ymin>126</ymin>
<xmax>242</xmax>
<ymax>151</ymax>
</bndbox>
</object>
<object>
<name>Cat</name>
<pose>Unspecified</pose>
<truncated>0</truncated>
<difficult>0</difficult>
<bndbox>
<xmin>201</xmin>
<ymin>159</ymin>
<xmax>257</xmax>
<ymax>189</ymax>
</bndbox>
</object>
</annotation>
