<?xml version="1.0" encoding="utf-8"?>
<annotation>
<folder>images</folder>
<filename>a882b713-cd_24</filename>
<source>
<database>MyDatabase</database>
<annotation>COCO2017</annotation>
<image>flickr</image>
<flickrid>NULL</flickrid>
<annotator>1</annotator>
</source>
<owner>
<flickrid>NULL</flickrid>
<name>Label Studio</name>
</owner>
<size>
<width>300</width>
<height>225</height>
<depth>3</depth>
</size>
<segmented>0</segmented>
<object>
<name>Insect</name>
<pose>Unspecified</pose>
<truncated>0</truncated>
<difficult>0</difficult>
<bndbox>
<xmin>21</xmin>
<ymin>15</ymin>
<xmax>68</xmax>
<ymax>53</ymax>
</bndbox>
</object>
<object>
<name>Insect</name>
<pose>Unspecified</pose>
<truncated>0</truncated>
<difficult>0</difficult>
<bndbox>
<xmin>192</xmin>
<ymin>7</ymin>
<xmax>230</xmax>
<ymax>46</ymax>
</bndbox>
</object>
<object>
<name>Insect</name>
<pose>Unspecified</pose>
<truncated>0</truncated>
<difficult>0</difficult>
<bndbox>
<xmin>109</xmin>
<ymin>87</ymin>
<xmax>139</xmax>
<ymax>132</ymax>
</bndbox>
</object>
<object>
<name>Unicorn_head</name>
<pose>Unspecified</pose>
<truncated>0</truncated>
<difficult>0</difficult>
<bndbox>
<xmin>26</xmin>
<ymin>144</ymin>
<xmax>64</xmax>
<ymax>184</ymax>
</bndbox>
</object>
<object>
<name>Unicorn_head</name>
<pose>Unspecified</pose>
<truncated>0</truncated>
<difficult>0</difficult>
<bndbox>
<xmin>145</xmin>
<ymin>45</ymin>
<xmax>181</xmax>
<ymax>87</ymax>
</bndbox>
</object>
<object>
<name>Cat</name>
<pose>Unspecified</pose>
<truncated>0</truncated>
<difficult>0</difficult>
<bndbox>
<xmin>53</xmin>
<ymin>85</ymin>
<xmax>83</xmax>
<ymax>121</ymax>
</bndbox>
</object>
<object>
<name>Grey_star</name>
<pose>Unspecified</pose>
<truncated>0</truncated>
<difficult>0</difficult>
<bndbox>
<xmin>72</xmin>
<ymin>151</ymin>
<xmax>102</xmax>
<ymax>180</ymax>
</bndbox>
</object>
<object>
<name>Grey_star</name>
<pose>Unspecified</pose>
<truncated>0</truncated>
<difficult>0</difficult>
<bndbox>
<xmin>158</xmin>
<ymin>171</ymin>
<xmax>190</xmax>
<ymax>203</ymax>
</bndbox>
</object>
<object>
<name>Grey_star</name>
<pose>Unspecified</pose>
<truncated>0</truncated>
<difficult>0</difficult>
<bndbox>
<xmin>145</xmin>
<ymin>122</ymin>
<xmax>171</xmax>
<ymax>148</ymax>
</bndbox>
</object>
<object>
<name>Grey_star</name>
<pose>Unspecified</pose>
<truncated>0</truncated>
<difficult>0</difficult>
<bndbox>
<xmin>178</xmin>
<ymin>90</ymin>
<xmax>204</xmax>
<ymax>115</ymax>
</bndbox>
</object>
<object>
<name>Grey_star</name>
<pose>Unspecified</pose>
<truncated>0</truncated>
<difficult>0</difficult>
<bndbox>
<xmin>241</xmin>
<ymin>24</ymin>
<xmax>271</xmax>
<ymax>55</ymax>
</bndbox>
</object>
<object>
<name>Black_star</name>
<pose>Unspecified</pose>
<truncated>0</truncated>
<difficult>0</difficult>
<bndbox>
<xmin>214</xmin>
<ymin>56</ymin>
<xmax>244</xmax>
<ymax>86</ymax>
</bndbox>
</object>
<object>
<name>Black_star</name>
<pose>Unspecified</pose>
<truncated>0</truncated>
<difficult>0</difficult>
<bndbox>
<xmin>76</xmin>
<ymin>48</ymin>
<xmax>103</xmax>
<ymax>76</ymax>
</bndbox>
</object>
<object>
<name>Unicorn_whole</name>
<pose>Unspecified</pose>
<truncated>0</truncated>
<difficult>0</difficult>
<bndbox>
<xmin>264</xmin>
<ymin>99</ymin>
<xmax>295</xmax>
<ymax>163</ymax>
</bndbox>
</object>
<object>
<name>Unicorn_head</name>
<pose>Unspecified</pose>
<truncated>0</truncated>
<difficult>0</difficult>
<bndbox>
<xmin>207</xmin>
<ymin>125</ymin>
<xmax>245</xmax>
<ymax>170</ymax>
</bndbox>
</object>
<object>
<name>Owl</name>
<pose>Unspecified</pose>
<truncated>0</truncated>
<difficult>0</difficult>
<bndbox>
<xmin>116</xmin>
<ymin>26</ymin>
<xmax>141</xmax>
<ymax>72</ymax>
</bndbox>
</object>
</annotation>
